accuracy,sample_size,time
0.2623,100,2.0399105548858643
0.9213,500,4.823549270629883
0.9338,1000,5.70622181892395
0.9547,2000,8.887534618377686
0.978,5000,18.029772758483887
