accuracy,sample_size,time
0.6919,100,0.3764991760253906
0.8709,500,1.3541510105133057
0.8912,1000,2.4584264755249023
0.9109,2000,4.56557297706604
0.9293,5000,10.905598878860474
