accuracy,sample_size,time
0.6278,100,1.1365559101104736
0.8849,500,1.9957427978515625
0.9057,1000,2.830425500869751
0.9215,2000,4.4683403968811035
0.9326,5000,8.862141609191895
